Track URI,Track Name,Artist URI,Artist Name,Artist Popularity,Artist Genres,Album,Track Popularity,Danceability,Energy,Key,Loudness,Mode,Speechiness,Acousticness,Instrumentalness,Liveness,Valence,Tempo,Duration_ms,Time Signature
spotify:track:0R6NfOiLzLj4O5VbYSJAjf,La Diabla,spotify:artist:3Me35AWHCGqW4sZ7bWWJt1,Xavi,86,['sad sierreno'],La Diabla,99,0.751,0.819,11,-4.372,0,0.0409,0.255,0.0,0.236,0.697,131.842,172264,3
spotify:track:3rUGC1vUpkDG9CZFHMur1t,greedy,spotify:artist:45dkTj5sMRSjrmBSBeiHym,Tate McRae,86,"['alt z', 'pop']",greedy,100,0.75,0.733,6,-3.18,0,0.0319,0.256,0.0,0.114,0.844,111.018,131872,1
spotify:track:6tNQ70jh4OwmPGpYy6R2o9,Beautiful Things,spotify:artist:22wbnEMDvgVIAGdFeek6ET,Benson Boone,79,['singer-songwriter pop'],Beautiful Things,96,0.472,0.471,10,-5.692,1,0.0603,0.151,0.0,0.14,0.219,105.029,180304,3
spotify:track:7CyPwkp0oE8Ro9Dd5CUDjW,"One Of The Girls (with JENNIE, Lily Rose Depp)",spotify:artist:1Xyo4u8uXC1ZmMpatF05PJ,The Weeknd,95,"['canadian contemporary r&b', 'canadian pop', 'pop']",The Idol Episode 4 (Music from the HBO Original Series),99,0.522,0.641,8,-6.287,1,0.0318,0.0545,0.0,0.162,0.202,87.51,244685,4
spotify:track:1BxfuPKGuaTgP7aM0Bbdwr,Cruel Summer,spotify:artist:06HL4z0CvFAxyc27GXpf02,Taylor Swift,100,['pop'],Lover,99,0.552,0.702,9,-5.707,1,0.157,0.117,2.06e-05,0.105,0.564,169.994,178427,4
spotify:track:3vkCueOmm7xQDoJ17W1Pm3,My Love Mine All Mine,spotify:artist:2uYWxilOVlUdk4oV9DvwqK,Mitski,84,"['brooklyn indie', 'pov: indie']",The Land Is Inhospitable and So Are We,99,0.504,0.308,9,-14.958,1,0.0321,0.868,0.135,0.158,0.121,113.95,137773,4
spotify:track:0mflMxspEfB0VbI1kyLiAv,Stick Season,spotify:artist:2RQXRUsr4IW1f3mKyKsy4B,Noah Kahan,87,['pov: indie'],Stick Season,98,0.662,0.488,9,-6.894,1,0.0682,0.782,0.0,0.102,0.817,117.913,182347,4
spotify:track:52eIcoLUM25zbQupAZYoFh,redrum,spotify:artist:1URnnhqYAYcrqrcwql10ft,21 Savage,92,"['atl hip hop', 'hip hop', 'rap']",american dream,96,0.624,0.74,2,-8.445,1,0.0481,0.00529,0.000224,0.5,0.246,172.089,270698,4
spotify:track:4xhsWYTOGcal8zt0J161CU,Lovin On Me,spotify:artist:2LIk90788K0zvyj2JJVwkJ,Jack Harlow,84,"['deep underground hip hop', 'kentucky hip hop', 'pop rap', 'rap']",Lovin On Me,99,0.943,0.558,2,-4.911,1,0.0568,0.0026,2.19e-06,0.0937,0.606,104.983,138411,4
spotify:track:7bywjHOc0wSjGGbj04XbVi,LUNA,spotify:artist:2LRoIwlKmHjgvigdNGBHNo,Feid,91,"['colombian pop', 'pop reggaeton', 'reggaeton', 'reggaeton colombiano', 'trap latino', 'urbano latino']",FERXXOCALIPSIS,97,0.774,0.86,7,-2.888,0,0.13,0.131,0.0,0.116,0.446,100.019,196800,4
spotify:track:7gaA3wERFkFkgivjwbSvkG,"yes, and?",spotify:artist:66CXWjxzNUsdJxJ2JdwvnR,Ariana Grande,90,['pop'],"yes, and?",97,0.788,0.758,1,-6.513,1,0.0505,0.198,8.5e-05,0.104,0.823,119.008,214994,4
spotify:track:17phhZDn6oGtzMe56NuWvj,Lose Control,spotify:artist:33qOK5uJ8AR2xuQQAhHump,Teddy Swims,79,[],I've Tried Everything But Therapy (Part 1),93,0.561,0.604,9,-4.409,1,0.0337,0.199,1.9e-05,0.104,0.242,159.92,210689,3
spotify:track:6WzRpISELf3YglGAh7TXcG,Popular (with Playboi Carti & Madonna) - From The Idol Vol. 1 (Music from the HBO Original Series),spotify:artist:1Xyo4u8uXC1ZmMpatF05PJ,The Weeknd,95,"['canadian contemporary r&b', 'canadian pop', 'pop']",Popular (Music from the HBO Original Series),96,0.855,0.678,1,-6.276,1,0.189,0.0569,3.69e-05,0.412,0.852,99.029,215467,4
spotify:track:6XaJfhwof7qIgbbXO5tIQI,Igual Que Un Ángel (with Peso Pluma),spotify:artist:1U1el3k54VvEUzo3ybLPlM,Kali Uchis,87,['colombian pop'],ORQUÍDEAS,96,0.685,0.61,5,-5.36,0,0.0343,0.00348,0.00054,0.183,0.464,107.999,260371,4
spotify:track:5XVdHRf4CAJ2Jm0uMIy5qY,La Víctima,spotify:artist:3Me35AWHCGqW4sZ7bWWJt1,Xavi,86,['sad sierreno'],La Víctima,96,0.778,0.835,11,-3.598,0,0.0767,0.152,0.0,0.109,0.666,140.082,156346,4
spotify:track:4tKGFmENO69tZR9ahgZu48,Murder On The Dancefloor,spotify:artist:2cBh5lVMg222FFuRU7EfDE,Sophie Ellis-Bextor,74,"['dance pop', 'europop', 'new wave pop']",Read My Lips,94,0.73,0.849,1,-5.281,0,0.0299,0.00234,2.6e-05,0.312,0.887,117.31,230013,4
spotify:track:3U5JVgI2x4rDyHGObzJfNf,Unwritten,spotify:artist:7o95ZoZt5ZYn31e9z1Hc0a,Natasha Bedingfield,73,"['dance pop', 'pop', 'post-teen pop']",Unwritten,93,0.706,0.8,5,-6.333,1,0.0399,0.00584,0.0,0.0822,0.629,100.011,259333,4
spotify:track:3h5TiWTqGxjSjFrbruPFH9,Praise Jah In The Moonlight,spotify:artist:0n4Fao9kbjgM76RmVlfSwr,YG Marley,70,[],Praise Jah In The Moonlight,91,0.66,0.727,6,-4.028,0,0.0441,0.128,1.31e-05,0.524,0.418,125.023,263040,4
spotify:track:7iQXYTyuG13aoeHxGG28Nh,PERRO NEGRO,spotify:artist:4q3ewBCX7sLwd24euuV69X,Bad Bunny,95,"['reggaeton', 'trap latino', 'urbano latino']",nadie sabe lo que va a pasar mañana,96,0.911,0.778,5,-2.248,1,0.262,0.0887,2.16e-05,0.179,0.345,96.057,162768,4
spotify:track:5XeFesFbtLpXzIVDNQP22n,I Wanna Be Yours,spotify:artist:7Ln80lUS6He07XvHI8qqHH,Arctic Monkeys,86,"['garage rock', 'modern rock', 'permanent wave', 'rock', 'sheffield indie']",AM,96,0.464,0.417,0,-9.345,0,0.0256,0.136,0.022,0.0974,0.479,67.528,183956,4
spotify:track:4OMJGnvZfDvsePyCwRGO7X,Houdini,spotify:artist:6M2wZ9GZgrQXHCFfjv46we,Dua Lipa,87,"['dance pop', 'pop', 'uk pop']",Houdini,95,0.744,0.789,9,-4.876,0,0.059,0.0036,0.00144,0.0947,0.866,116.985,185918,4
spotify:track:6VciS3dRMpZhJiDxT8ArFi,"Young Miko: Bzrp Music Sessions, Vol. 58",spotify:artist:716NhGYqD1jl2wI1Qkgq36,Bizarrap,84,"['argentine hip hop', 'pop venezolano', 'trap argentino', 'trap latino', 'urbano latino']","Young Miko: Bzrp Music Sessions, Vol. 58",95,0.704,0.571,7,-8.212,0,0.156,0.588,0.0,0.117,0.443,96.016,190000,4
spotify:track:2HRgqmZQC0MC7GeNuDIXHN,Seven (feat. Latto) (Explicit Ver.),spotify:artist:6HaGTQPmzraVmaVxvz6EUc,Jung Kook,87,['k-pop'],GOLDEN,90,0.79,0.831,11,-4.185,1,0.044,0.312,0.0,0.0797,0.872,124.987,183551,4
spotify:track:05WVKTdZhlIMX4qqMLuo0f,BELLAKEO,spotify:artist:12GqGscKJx3aE4t07u7eVZ,Peso Pluma,92,"['corridos tumbados', 'sad sierreno']",BELLAKEO,95,0.72,0.88,9,-2.834,1,0.101,0.0562,0.06,0.153,0.463,180.011,197333,4
spotify:track:5mjYQaktjmjcMKcUIcqz4s,Strangers,spotify:artist:7uMDnSZyUYNBPLhPMNuaM2,Kenya Grace,75,['singer-songwriter pop'],Strangers,96,0.628,0.523,11,-8.307,0,0.0946,0.701,0.00274,0.219,0.416,169.982,172965,4
spotify:track:6uTPdRrEDeH8Fyg5L5qmeU,Never Lose Me,spotify:artist:08PvCOlef4xdOr20jFSTPd,Flo Milli,76,['viral rap'],Never Lose Me,93,0.781,0.567,1,-7.857,1,0.0969,0.0504,0.0,0.0981,0.0743,121.964,125902,4
spotify:track:7DSAEUvxU8FajXtRloy8M0,Flowers,spotify:artist:5YGY8feqx7naU7z4HrwZM6,Miley Cyrus,84,['pop'],Endless Summer Vacation,95,0.706,0.691,0,-4.775,1,0.0633,0.0584,6.99e-05,0.0232,0.632,118.048,200600,4
spotify:track:56y1jOTK0XSvJzVv9vHQBK,Paint The Town Red,spotify:artist:5cj0lLjcoR7YOSnhnX0Po5,Doja Cat,87,"['dance pop', 'pop']",Scarlet,87,0.864,0.556,2,-7.683,0,0.194,0.255,3.85e-06,0.112,0.726,99.974,230480,4
spotify:track:6wf7Yu7cxBSPrRlWeSeK0Q,"What Was I Made For? [From The Motion Picture ""Barbie""]",spotify:artist:6qqNVTkY8uBg9cP3Jd7DAH,Billie Eilish,88,"['art pop', 'pop']","What Was I Made For? [From The Motion Picture ""Barbie""]",95,0.444,0.0911,0,-17.665,1,0.0307,0.959,1.05e-06,0.098,0.142,78.403,222370,4
spotify:track:1kuGVB7EU95pJObxwvfwKS,vampire,spotify:artist:1McMsnEElThX1knmY4oliG,Olivia Rodrigo,88,['pop'],GUTS,95,0.511,0.532,5,-5.745,1,0.0578,0.177,0.0,0.291,0.35,138.005,219724,4
spotify:track:5RqSsdzTNPX1uzkmlHCFvK,QLONA,spotify:artist:790FomKkXshlbRYZFtlgla,KAROL G,89,"['reggaeton', 'reggaeton colombiano', 'trap latino', 'urbano latino']",MAÑANA SERÁ BONITO (BICHOTA SEASON),93,0.841,0.738,7,-7.455,0,0.307,0.52,0.0,0.0892,0.484,169.918,172798,4
spotify:track:7MXVkk9YMctZqd1Srtv4MB,Starboy,spotify:artist:1Xyo4u8uXC1ZmMpatF05PJ,The Weeknd,95,"['canadian contemporary r&b', 'canadian pop', 'pop']",Starboy,95,0.679,0.587,7,-7.015,1,0.276,0.141,6.35e-06,0.137,0.486,186.003,230453,4
spotify:track:0QZ5yyl6B6utIWkxeBDxQN,The Night We Met,spotify:artist:6ltzsmQQbmdoHHbLZ4ZN25,Lord Huron,75,"['indie folk', 'stomp and holler']",Strange Trails,83,0.545,0.366,2,-9.51,1,0.0378,0.969,0.267,0.641,0.1,86.997,208212,3
spotify:track:5aIVCx5tnk0ntmdiinnYvw,Water,spotify:artist:3SozjO3Lat463tQICI9LcE,Tyla,76,[],Water,95,0.673,0.722,3,-3.495,0,0.0755,0.0856,0.0,0.137,0.519,117.187,200256,4
spotify:track:4Dvkj6JhhA12EX05fT7y2e,As It Was,spotify:artist:6KImCVD70vtIoJWnq6nGn3,Harry Styles,84,['pop'],Harry's House,95,0.52,0.731,6,-5.338,0,0.0557,0.342,0.00101,0.311,0.662,173.93,167303,4
spotify:track:4KULAymBBJcPRpk1yO4dOG,I Remember Everything (feat. Kacey Musgraves),spotify:artist:40ZNYROS4zLfyyBSs2PGe2,Zach Bryan,87,['classic oklahoma country'],Zach Bryan,94,0.429,0.453,0,-7.746,1,0.0459,0.554,2e-06,0.102,0.155,77.639,227196,4
spotify:track:4iZ4pt7kvcaH6Yo8UoZ4s2,Snooze,spotify:artist:7tYKF4w9nC0nq9CsPZTHyP,SZA,89,"['pop', 'r&b', 'rap']",SOS,93,0.559,0.551,5,-7.231,1,0.132,0.141,0.0,0.11,0.392,143.008,201800,4
spotify:track:0nJW01T7XtvILxQgC5J7Wh,When I Was Your Man,spotify:artist:0du5cEVh5yTK9QJze8zA0C,Bruno Mars,88,"['dance pop', 'pop']",Unorthodox Jukebox,92,0.612,0.28,0,-8.648,1,0.0434,0.932,0.0,0.088,0.387,72.795,213827,4
spotify:track:6uIIdjYTxxpWOyWuVXrKQO,Que Onda,spotify:artist:6dLuQ5qXxIuWc5urxfIiZR,Calle 24,77,"['corrido', 'corridos tumbados', 'sad sierreno', 'sierreno']",Que Onda,94,0.808,0.944,10,-4.863,0,0.0408,0.183,1.11e-06,0.138,0.937,124.934,191467,3
spotify:track:3JvrhDOgAt6p7K8mDyZwRd,Riptide,spotify:artist:10exVja0key0uqUkk6LJRT,Vance Joy,76,"['folk-pop', 'modern rock']",Dream Your Life Away (Special Edition),86,0.484,0.731,1,-6.694,1,0.0379,0.431,0.0,0.151,0.51,101.654,204280,4
spotify:track:3AJwUDP919kvQ9QcozQPxg,Yellow,spotify:artist:4gzpq5DPGxSnKTe4SA8HAU,Coldplay,88,"['permanent wave', 'pop']",Parachutes,93,0.429,0.661,11,-7.227,1,0.0281,0.00239,0.000121,0.234,0.285,173.372,266773,4
spotify:track:3QQAeMQbbjZXVFbF8DgFWT,FIRST LOVE,spotify:artist:0FvHxb8a4I0A2i8jKCsFei,Oscar Ortiz,73,[],FIRST LOVE,92,0.694,0.588,2,-6.24,1,0.0565,0.358,0.0,0.299,0.794,73.929,169440,4
spotify:track:7BqBn9nzAq8spo5e7cZ0dJ,Just the Way You Are,spotify:artist:0du5cEVh5yTK9QJze8zA0C,Bruno Mars,88,"['dance pop', 'pop']",Doo-Wops & Hooligans,89,0.635,0.841,5,-5.379,1,0.0422,0.0134,0.0,0.0622,0.424,109.021,220734,4
spotify:track:1odExI7RdWc4BT515LTAwj,Daylight,spotify:artist:33NVpKoXjItPwUJTMZIOiY,David Kushner,78,"['gen z singer-songwriter', 'singer-songwriter pop']",Daylight,94,0.508,0.43,2,-9.475,0,0.0335,0.83,0.000441,0.093,0.324,130.09,212954,4
spotify:track:2KslE17cAJNHTsI2MI0jb2,Standing Next to You,spotify:artist:6HaGTQPmzraVmaVxvz6EUc,Jung Kook,87,['k-pop'],GOLDEN,96,0.711,0.809,2,-4.389,0,0.0955,0.0447,0.0,0.339,0.816,106.017,206020,4
spotify:track:7iUtQNMRB8ZkKC4AmEuCJC,LA FALDA,spotify:artist:7iK8PXO48WeuP03g8YR51W,Myke Towers,86,"['reggaeton', 'trap latino', 'urbano latino']",LVEU: VIVE LA TUYA...NO LA MIA,92,0.8,0.738,7,-4.26,1,0.0691,0.372,0.00877,0.19,0.267,103.008,174230,4
spotify:track:6CvTEtGagmzQvkUzzyKR9k,HARLEY QUINN,spotify:artist:0ys2OFYzWYB5hRDLCsBqxt,Fuerza Regida,88,"['corrido', 'corridos tumbados', 'sad sierreno', 'sierreno']",Pa las Baby's Y Belikeada,94,0.815,0.741,1,-6.04,1,0.0569,0.0277,0.0183,0.219,0.591,125.031,143327,4
spotify:track:1yeB8MUNeLo9Ek1UEpsyz6,Rich Baby Daddy (feat. Sexyy Red & SZA),spotify:artist:3TVXtAsR1Inumwj472S9r4,Drake,96,"['canadian hip hop', 'canadian pop', 'hip hop', 'pop rap', 'rap']",For All The Dogs,93,0.645,0.729,2,-4.56,1,0.0528,0.0377,0.0,0.384,0.142,146.01,319192,4
spotify:track:1Qrg8KqiBpW07V7PNxwwwL,Kill Bill,spotify:artist:7tYKF4w9nC0nq9CsPZTHyP,SZA,89,"['pop', 'r&b', 'rap']",SOS,91,0.644,0.735,8,-5.747,1,0.0391,0.0521,0.144,0.161,0.418,88.98,153947,4
spotify:track:59NraMJsLaMCVtwXTSia8i,Prada,spotify:artist:5wCmhq5J2hPwL2r0eKurxn,cassö,74,['hypertechno'],Prada,94,0.638,0.717,8,-5.804,1,0.0375,0.001,1.79e-06,0.113,0.422,141.904,132359,4
spotify:track:2qHvD3r5qu4wuPpvq3CQKb,LA ÚLTIMA,spotify:artist:52iwsT98xCoGgiGntTiR7K,Quevedo,84,"['rap canario', 'trap latino', 'urbano latino']",LA ÚLTIMA,83,0.552,0.61,7,-6.304,1,0.0657,0.171,0.0,0.071,0.225,92.936,170323,4
spotify:track:3BFh8rR6aMexy7ELu2UQy3,Manos Rotas,spotify:artist:4bJh7sMPcVRiqe5jlnsWQV,DELLAFUENTE,72,"['flamenco urbano', 'urbano espanol']",Manos Rotas,85,0.728,0.59,4,-5.787,0,0.204,0.386,0.0612,0.162,0.238,93.977,168594,4
spotify:track:7iUtQNMRB8ZkKC4AmEuCJC,LA FALDA,spotify:artist:7iK8PXO48WeuP03g8YR51W,Myke Towers,86,"['reggaeton', 'trap latino', 'urbano latino']",LVEU: VIVE LA TUYA...NO LA MIA,92,0.8,0.738,7,-4.26,1,0.0691,0.372,0.00877,0.19,0.267,103.008,174230,4
spotify:track:6VciS3dRMpZhJiDxT8ArFi,"Young Miko: Bzrp Music Sessions, Vol. 58",spotify:artist:716NhGYqD1jl2wI1Qkgq36,Bizarrap,84,"['argentine hip hop', 'pop venezolano', 'trap argentino', 'trap latino', 'urbano latino']","Young Miko: Bzrp Music Sessions, Vol. 58",95,0.704,0.571,7,-8.212,0,0.156,0.588,0.0,0.117,0.443,96.016,190000,4
spotify:track:357iDuZ0IXAAg3Aj7UszqO,Buscando Money,spotify:artist:6C2mFGFh8dz1vKp9l5Ce8P,TWENTY SIX,63,[],Buscando Money,84,0.817,0.812,9,-6.674,0,0.057,0.0895,0.536,0.0669,0.725,128.028,150000,4
spotify:track:7bywjHOc0wSjGGbj04XbVi,LUNA,spotify:artist:2LRoIwlKmHjgvigdNGBHNo,Feid,91,"['colombian pop', 'pop reggaeton', 'reggaeton', 'reggaeton colombiano', 'trap latino', 'urbano latino']",FERXXOCALIPSIS,97,0.774,0.86,7,-2.888,0,0.13,0.131,0.0,0.116,0.446,100.019,196800,4
spotify:track:35ttE4t8lQZA2vuCYDg4G7,M.A.I,spotify:artist:19HM5j0ULGSmEoRcrSe5x3,Milo j,82,"['trap argentino', 'trap latino', 'urbano latino']",111,87,0.364,0.572,10,-5.861,0,0.0341,0.758,0.0,0.229,0.514,80.363,184027,4
spotify:track:3Cx4BsDd4q0GCVBJ5CAw2K,No Te Quieren Conmigo,spotify:artist:1r3tpVQ08jFAA2P4xzV5o4,Gaby Music,70,['pop reggaeton'],No Te Quieren Conmigo,89,0.76,0.646,6,-5.009,1,0.068,0.361,0.000109,0.254,0.576,97.917,252040,4
spotify:track:1kqH58eGh2ZTOHwqBIB2tM,Una Foto Remix (feat. Emilia),spotify:artist:2IKdK6PbitvCiXt1t2bPU6,Mesita,72,['rap uruguayo'],Una Foto Remix (feat. Emilia),91,0.76,0.703,6,-3.667,1,0.0631,0.313,0.0,0.0784,0.739,96.033,243899,4
spotify:track:0T0Oo2aVRt5a39D3ObeWwm,X'CLUSIVO,spotify:artist:4ixNZvQuuzCDxBsxO9zE6L,Gonzy,57,['urbano latino'],X'CLUSIVO,77,0.812,0.489,6,-6.412,1,0.149,0.225,0.00108,0.105,0.788,147.052,175587,4
spotify:track:0qZhK4gFB5c1Wxsnd6WA8U,Casanova,spotify:artist:0GgY7hjMoGDsX8ZDe2mwds,Soolking,73,"['french hip hop', 'pop urbaine', 'r&b francais', 'rap algerien']",Casanova,83,0.668,0.807,7,-6.147,0,0.186,0.675,2.06e-05,0.0995,0.544,132.087,243806,4
spotify:track:6Es8Sk3xe1HiJ2MXCfHHwR,La_Original.mp3,spotify:artist:0AqlFI0tz2DsEoJlKSIiT9,Emilia,81,['pop argentino'],.mp3,85,0.833,0.809,5,-2.751,0,0.0381,0.0836,0.0,0.112,0.905,128.055,140625,4
spotify:track:4SmMe198ot30paOyvuTH5w,UNA BACHATA,spotify:artist:3bvfu2KAve4lPHrhEFDZna,Lola Indigo,71,"['latin viral pop', 'spanish pop']",GRX,73,0.714,0.718,0,-3.888,0,0.0943,0.538,0.0,0.102,0.815,129.991,157846,4
spotify:track:7iQXYTyuG13aoeHxGG28Nh,PERRO NEGRO,spotify:artist:4q3ewBCX7sLwd24euuV69X,Bad Bunny,95,"['reggaeton', 'trap latino', 'urbano latino']",nadie sabe lo que va a pasar mañana,96,0.911,0.778,5,-2.248,1,0.262,0.0887,2.16e-05,0.179,0.345,96.057,162768,4
spotify:track:5QtB74eCS2YzHvEfSlh8MG,Hey Lil Mama,spotify:artist:5XJDexmWFLWOkjOEjOVX3e,Eladio Carrion,84,"['trap boricua', 'trap latino', 'trap triste', 'urbano latino']",Sol María,85,0.458,0.52,1,-6.902,0,0.175,0.58,5.98e-05,0.248,0.38,141.636,216338,4
spotify:track:6XbtvPmIpyCbjuT0e8cQtp,Columbia,spotify:artist:52iwsT98xCoGgiGntTiR7K,Quevedo,84,"['rap canario', 'trap latino', 'urbano latino']",Columbia,92,0.668,0.712,5,-5.927,1,0.0381,0.369,2.13e-05,0.108,0.264,100.02,186000,4
spotify:track:5xSt1wxZobFcLzHrFakv6z,COSAS QUE NO TE DIJE,spotify:artist:2O8vbr4RYPpk6MRA4fio7u,Saiko,77,"['trap latino', 'urbano espanol', 'urbano latino']",COSAS QUE NO TE DIJE,84,0.616,0.673,2,-3.948,1,0.0327,0.563,0.0,0.122,0.21,99.971,224726,4
spotify:track:68OXeY9CUQebrOAAh3b3Jw,LA CAPI,spotify:artist:7iK8PXO48WeuP03g8YR51W,Myke Towers,86,"['reggaeton', 'trap latino', 'urbano latino']",LVEU: VIVE LA TUYA...NO LA MIA,80,0.77,0.907,0,-4.679,0,0.215,0.427,4.34e-06,0.132,0.696,149.997,202361,4
spotify:track:559YUIWxUc8Mx4lsla13Ff,MODELITO,spotify:artist:0Q8NcsJwoCbZOHHW63su5S,Mora,83,"['trap latino', 'urbano latino']",PARAÍSO,84,0.711,0.752,7,-7.574,0,0.2,0.191,0.0106,0.338,0.528,145.047,190497,4
spotify:track:18W8cuvcub2B9NQzm5rZxf,A 300,spotify:artist:0FwnPHExlRRxEZPLAi5tmG,JC Reyes,72,[],A 300,79,0.792,0.725,1,-5.821,0,0.171,0.0927,0.0,0.0702,0.68,138.867,169209,4
spotify:track:0QRHOAeU8JRaVVn3UoZBih,REINA,spotify:artist:0Q8NcsJwoCbZOHHW63su5S,Mora,83,"['trap latino', 'urbano latino']",ESTRELLA,84,0.724,0.578,10,-7.117,1,0.0819,0.632,1.06e-06,0.0943,0.757,167.985,211879,4
spotify:track:2kz1YOhJiNubjigR1gB1VX,DILUVIO,spotify:artist:1mcTU81TzQhprhouKaTkpq,Rauw Alejandro,87,"['puerto rican pop', 'reggaeton', 'trap latino', 'urbano latino']",PLAYA SATURNO,91,0.845,0.795,9,-3.502,0,0.0681,0.343,1.78e-05,0.224,0.681,94.969,197053,4
spotify:track:0sFyqFZE8YkkOMA9IFZ3S6,BAD BOY,spotify:artist:0qTZZWLzuD59Un5r1speHm,Chris Jedi,69,"['reggaeton', 'trap latino', 'urbano latino']",BAD BOY,65,0.766,0.711,1,-4.892,0,0.0843,0.334,0.000111,0.418,0.633,94.972,235147,4
spotify:track:4ypCNolz6aRYZPO3UOGp8Z,ZORRA,spotify:artist:58M2tktuW3ZTnZGTddqejF,Nebulossa,54,[],ZORRA,74,0.707,0.653,9,-6.149,0,0.0323,0.00413,0.000287,0.113,0.779,129.994,183577,4
spotify:track:6KHxe3Yj8W8oq3zviUvJRe,Madrid City,spotify:artist:6k8mwkKJKKjBILo7ypBspl,Ana Mena,67,['spanish pop'],Madrid City,79,0.73,0.87,1,-3.718,0,0.0561,0.0272,2.9e-06,0.45,0.184,132.011,172727,4
spotify:track:0p0cOpBujR114Wirv5AM7W,Narcotics (with Bryant Myers),spotify:artist:2YRyPiW98bpkARAS4B3OQP,Dei V,77,"['trap latino', 'urbano latino']",Narcotics (with Bryant Myers),85,0.711,0.718,1,-5.671,1,0.0994,0.379,0.0,0.119,0.689,159.953,173991,4
spotify:track:4LcRO9JPtGavb3dbg7HIMQ,"Japoni (feat. Camin, Moncho Chavea, Jthyago & Samueliyo Baby)",spotify:artist:1aOK2Zm4Wsm4I4DuoQIXsZ,Oscar el Ruso,57,['flamenco urbano'],"Japoni (feat. Camin, Moncho Chavea, Jthyago & Samueliyo Baby)",75,0.885,0.715,8,-8.31,1,0.14,0.218,0.0,0.0958,0.953,100.036,248005,4
spotify:track:5RqSsdzTNPX1uzkmlHCFvK,QLONA,spotify:artist:790FomKkXshlbRYZFtlgla,KAROL G,89,"['reggaeton', 'reggaeton colombiano', 'trap latino', 'urbano latino']",MAÑANA SERÁ BONITO (BICHOTA SEASON),93,0.841,0.738,7,-7.455,0,0.307,0.52,0.0,0.0892,0.484,169.918,172798,4
spotify:track:0EhuGnOS6fTc5l5UNtDEH2,POLARIS - Remix,spotify:artist:2O8vbr4RYPpk6MRA4fio7u,Saiko,77,"['trap latino', 'urbano espanol', 'urbano latino']",POLARIS (Remix),83,0.623,0.799,8,-4.152,0,0.0713,0.153,0.0,0.365,0.552,169.901,288000,4
spotify:track:6gMj2DzKR2PjrrbNSwcGFR,OA,spotify:artist:2R21vXR83lH98kGeO99Y66,Anuel AA,86,"['reggaeton', 'reggaeton flow', 'trap boricua', 'trap latino', 'urbano latino']",OA,86,0.813,0.866,7,-3.239,1,0.0851,0.17,0.0,0.0421,0.647,99.994,235200,4
spotify:track:2HafqoJbgXdtjwCOvNEF14,Si No Estás,spotify:artist:0jbo7KFNMiIkfBR6ih0yhm,iñigo quintero,74,[],Si No Estás,95,0.537,0.421,5,-8.72,1,0.0285,0.827,0.0,0.138,0.524,98.224,184061,4
spotify:track:4snJ71Uz5KvX1CW0SaUiZY,Falsos Recuerdos,spotify:artist:2bxxlINUlcMQQb39K7IopR,Abraham Mateo,66,"['latin arena pop', 'latin pop', 'latin viral pop', 'reggaeton', 'spanish pop']",Falsos Recuerdos,72,0.703,0.722,0,-3.93,0,0.0379,0.739,1.51e-06,0.127,0.616,134.92,191414,4
spotify:track:144k7KOL7ZPopw7rTTzzXN,El Malo,spotify:artist:5XJDexmWFLWOkjOEjOVX3e,Eladio Carrion,84,"['trap boricua', 'trap latino', 'trap triste', 'urbano latino']",Sol María,81,0.53,0.617,9,-6.25,0,0.141,0.254,0.0,0.268,0.442,174.102,209655,4
spotify:track:21N77gfWYoQDvrLvaeiQgi,BABY HELLO,spotify:artist:1mcTU81TzQhprhouKaTkpq,Rauw Alejandro,87,"['puerto rican pop', 'reggaeton', 'trap latino', 'urbano latino']",PLAYA SATURNO,78,0.773,0.893,1,-3.733,0,0.0483,0.164,3.01e-06,0.429,0.842,130.013,222462,4
spotify:track:4sDpxaulErbJ9NBaJDC7cJ,Buenas,spotify:artist:52iwsT98xCoGgiGntTiR7K,Quevedo,84,"['rap canario', 'trap latino', 'urbano latino']",Buenas,81,0.625,0.755,8,-4.643,1,0.0724,0.247,0.0,0.124,0.429,87.948,192955,4
spotify:track:1bmIRafMOhUKsnZE7haw2u,Perdió Este Culo,spotify:artist:4F4pp8NUW08JuXwnoxglpN,Bad Gyal,75,"['neoperreo', 'rap catala', 'rap latina', 'trap catala', 'urbano espanol', 'urbano latino']",La Joia,76,0.621,0.859,2,-3.228,1,0.0559,0.145,1.3e-06,0.375,0.445,92.929,159253,4
spotify:track:7chTH3GBjjAyagf0SPCZDL,SI SABE FERXXO,spotify:artist:1TA5sGRlKUJXBN4ZyJuDIX,Blessd,76,"['reggaeton', 'urbano latino']",SI SABE,84,0.726,0.831,8,-2.035,0,0.12,0.0139,3.71e-06,0.0891,0.489,95.997,152500,4
spotify:track:7ABLbnD53cQK00mhcaOUVG,LALA,spotify:artist:7iK8PXO48WeuP03g8YR51W,Myke Towers,86,"['reggaeton', 'trap latino', 'urbano latino']",LA VIDA ES UNA,92,0.708,0.737,1,-4.045,1,0.0436,0.0739,0.00162,0.0955,0.607,91.986,197920,4
spotify:track:5nSUskJwcSRFS9dIqrVfrv,Quien Es Dei V?,spotify:artist:2YRyPiW98bpkARAS4B3OQP,Dei V,77,"['trap latino', 'urbano latino']",Quien Es Dei V?,81,0.557,0.744,1,-4.18,1,0.344,0.481,0.0,0.666,0.7,100.247,162245,4
spotify:track:6irysuQyZWd7Bjj7ePiOs2,Holanda,spotify:artist:6nVcHLIgY5pE2YCl8ubca1,Jhayco,81,"['reggaeton', 'trap latino', 'urbano latino']",Holanda,87,0.831,0.759,1,-3.627,0,0.0502,0.277,0.0,0.125,0.244,107.961,231693,4
spotify:track:3tt9i3Hhzq84dPS8H7iSiJ,La Bachata,spotify:artist:0tmwSHipWxN12fsoLcFU3B,Manuel Turizo,82,"['colombian pop', 'latin pop', 'reggaeton', 'reggaeton colombiano', 'trap latino', 'urbano latino']",2000,87,0.835,0.679,7,-5.329,0,0.0364,0.583,1.98e-06,0.218,0.85,124.98,162638,4
spotify:track:1f3oAGS76ZIzOrsxcD2P36,lady madrizZz,spotify:artist:5AiFFE0KopBkOzEZeDbSaH,céro,58,[],lady madrizZz,73,0.769,0.295,5,-10.467,1,0.0721,0.481,0.00026,0.0993,0.784,98.082,131020,4
spotify:track:1MB8kTH7VKvAMfL9SHgJmG,VAGABUNDO,spotify:artist:07YUOmWljBTXwIseAUd9TW,Sebastian Yatra,79,"['colombian pop', 'latin pop', 'reggaeton', 'reggaeton colombiano', 'urbano latino']",VAGABUNDO,86,0.817,0.851,11,-3.309,0,0.0627,0.0351,0.0,0.232,0.886,127.019,215600,4
spotify:track:51QmqegeWI2orK2mzDfnIH,El Mambo,spotify:artist:0HSGpDMeXaEmH5aUIHjnBF,Kiko Rivera,56,"['electro bailando', 'electro latino']",El Mambo,77,0.884,0.718,1,-4.976,0,0.0763,0.0406,4.69e-05,0.287,0.729,139.991,129846,4
spotify:track:3tPPP39TSamzLPOJomKALp,NO PIENSO LLAMAR,spotify:artist:2SNfNJDsahTSVFwgxposF5,Soge Culebra,62,"['rap conciencia', 'spanish hip hop']",STORM,71,0.679,0.556,10,-5.299,1,0.148,0.181,0.0,0.108,0.583,169.997,198353,4
spotify:track:4PA1wK0leCjmRZlP5dQ8Lv,El Cielo,spotify:artist:51XrH5fQP2oIQynuKxSWcW,Sky Rompiendo,70,"['trap latino', 'urbano latino']",El Cielo,85,0.715,0.642,10,-7.492,0,0.0515,0.0687,0.0,0.0997,0.169,105.964,191321,4
spotify:track:0Me3GyNuLOa1YTIxhJPyCn,ASI ES LA VIDA,spotify:artist:7qG3b048QCHVRO5Pv1T5lw,Enrique Iglesias,77,"['dance pop', 'latin pop', 'mexican pop']",ASI ES LA VIDA,83,0.823,0.882,3,-3.513,0,0.0556,0.688,1.7e-06,0.107,0.963,128.044,172096,4
spotify:track:1Hs1uUl8o2VtDp1DABFq0O,Los del Espacio,spotify:artist:1vqR17Iv8VFdzure1TAXEq,LIT killah,72,"['argentine hip hop', 'trap argentino', 'trap latino', 'trap triste', 'urbano latino']",Los del Espacio,85,0.813,0.682,0,-3.598,1,0.0402,0.107,0.0,0.108,0.634,120.011,338000,4
spotify:track:0sfk352FO8bJUjWjIsyzSR,DONDE SE APRENDE A QUERER?,spotify:artist:0Q8NcsJwoCbZOHHW63su5S,Mora,83,"['trap latino', 'urbano latino']",ESTRELLA,83,0.722,0.519,8,-10.142,1,0.297,0.555,0.0,0.118,0.779,170.058,144427,4
spotify:track:3bdJXs70t2ybhfrDH6zyv4,SEYA,spotify:artist:0GOx72r5AAEKRGQFn3xqXK,GIMS,73,"['french hip hop', 'french pop', 'r&b francais', 'rap conscient']",LES DERNIÈRES VOLONTÉS DE MOZART (SYMPHONY),65,0.798,0.681,10,-4.818,0,0.0722,0.219,0.00197,0.137,0.434,101.005,188485,4
